-1,5005072170100,2014,11,9783,11470,1.17244199120924,10558,1.07921905346008,14,/2016-04-06,17:20:05.757/
0,5005072170100,2014,11,9783,11470,1.17244199120924,10558,1.07921905346008,14,2016-04-06 17:20:05.757
1,5005072170100,2014,12,24206,26476,1.09377840204908,5719,0.236263736263736,31,2016-04-06 17:20:05.757
2,5005072170100,2015,1,20449,26381,1.29008753484278,2196,0.107389114382121,31,2016-04-06 17:20:05.757
3,5005072170100,2015,2,6820,10390,1.52346041055718,583,0.0854838709677419,28,2016-04-06 17:20:05.757
4,5005072170100,2015,3,7349,7005,0.953190910327936,122,0.0166008980813716,13,2016-06-16 14:07:33.203
5,5005072170100,2015,4,16552,19802,1.19635089415176,902,0.0544949250845819,30,2016-04-06 17:20:05.757
6,5005072170100,2015,5,13844,30241,2.1844120196475,1003,0.0724501589136088,31,2016-04-06 17:20:05.757
7,5005072170100,2015,6,10655,27885,2.61708118254341,686,0.0643829188174566,30,2016-04-06 17:20:05.757
8,5005072170100,2015,7,6135,15585,2.5403422982885098,275,0.0448247758761206,25,2016-04-06 17:20:05.757 
9,5005072170100,2015,8,11105,21119,1.90175596578118,471,0.0424133273300315,31,2016-04-06 17:20:05.757
10,5005072170100,2015,9,7903,21089,2.66848032392762,420,0.0531443755535872,30,2016-06-16 14:07:33.203
11,5005072170100,2015,10,4700,12948,2.75489361702128,239,0.0508510638297872,31,2016-06-16 14:07:33.203
24,5123377130000,2014,2,2341,569,0.243058521999146,14,0.0059803502776591,7,2016-04-07 04:57:02.823
25,5123377130000,2014,3,4689,8638,1.84218383450629,2755,0.587545318831307,26,2016-04-07 04:57:02.823
26,5123377130000,2014,4,3056,11981,3.92048429319372,709,0.232002617801047,30,2016-04-07 04:57:02.823
27,5123377130000,2014,5,1979,10271,5.1899949469429005,351,0.1773623041940369,31,2016-04-07 04:57:02.823
28,5123377130000,2014,6,2037,8214,4.03240058910162,265,0.1300932744231709,29,2016-04-07 04:57:02.823
29,5123377130000,2014,7,2260,7180,3.17699115044248,262,0.115929203539823,31,2016-04-07 04:57:02.823
30,5123377130000,2014,8,1961,7208,3.67567567567568,317,0.161652218255992,29,2016-04-07 04:57:02.823
31,5123377130000,2014,9,1549,4389,2.83344092963202,263,0.169786959328599,30,2016-04-07 04:57:02.823
32,5123377130000,2014,10,1364,4167,3.0549853372434,215,0.157624633431085,31,2016-04-07 04:57:02.823
33,5123377130000,2014,11,1380,4807,3.4833333333333303,183,0.132608695652174,24,2016-04-07 04:57:02.823
34,5123377130000,2014,12,1275,6306,4.94588235294118,124,0.0972549019607843,31,2016-04-07 04:57:02.823
35,5123377130000,2015,1,1227,6358,5.1817440912795405,183,0.149144254278729,31,2016-04-07 04:57:02.823
48,5123379280000,2013,11,6326,3954,0.6250395194435661,6214,0.982295289282327,23,2016-04-07 11:49:04.930
49,5123379280000,2013,12,6405,4343,0.6780640124902422,435,0.0679156908665105,31,2016-04-07 11:49:04.930
50,5123379280000,2014,1,6839,15971,2.33528293610177,1074,0.157040502997514,31,2016-04-07 11:49:04.930
51,5123379280000,2014,2,6584,10341,1.57062575941677,715,0.10859659781288,28,2016-04-07 11:49:04.930
52,5123379280000,2014,3,4775,11728,2.45612565445026,547,0.11455497382199,31,2016-04-07 11:49:04.930
53,5123379280000,2014,4,3917,7497,1.91396476895583,329,0.0839928516721981,30,2016-04-07 11:49:04.930
54,5123379280000,2014,5,3840,8415,2.19140625,0,0.0,31,2016-04-07 11:49:04.930
55,5123379280000,2014,6,3031,6728,2.21972946222369,281,0.092708677004289,30,2016-04-07 11:49:04.930
56,5123379280000,2014,7,3137,8250,2.62990117947083,321,0.102327064073956,31,2016-04-07 11:49:04.930
57,5123379280000,2014,8,2669,8608,3.22517796927688,268,0.100412139378044,31,2016-04-07 11:49:04.930
58,5123379280000,2014,9,0,0,0.0,0,0.0,0,2016-04-07 11:49:04.930
59,5123379280000,2014,10,2169,6341,2.9234670355002303,246,0.1134163208852009,31,2016-04-07 11:49:04.930
72,5123379400000,2015,3,8644,9393,1.08664969921333,6365,0.736348912540491,31,2016-04-06 16:42:54.070
73,5123379400000,2015,4,13977,22941,1.6413393432067,3851,0.2755240752665089,30,2016-04-06 16:42:54.070
74,5123379400000,2015,5,9325,32395,3.4739946380697,2080,0.223056300268097,31,2016-04-06 16:42:54.070
75,5123379400000,2015,6,6445,30772,4.77455391776571,1181,0.183242823894492,30,2016-04-06 16:42:54.070
76,5123379400000,2015,7,5326,28110,5.27788208787082,822,0.154337213668795,31,2016-04-06 16:42:54.070
77,5123379400000,2015,8,4538,26029,5.73578669017188,661,0.145658880564125,31,2016-04-06 16:42:54.070
78,5123379400000,2015,9,3403,22298,6.55245371730826,407,0.119600352630032,30,2016-04-06 16:42:54.070
79,5123379400000,2015,10,2534,14080,5.5564325177584895,274,0.1081294396211519,31,2016-04-06 16:42:54.070
80,5123379400000,2015,11,2685,14816,5.518063314711361,227,0.0845437616387337,30,2016-04-06 16:42:54.070
81,5123379400000,2015,12,2597,15097,5.813246053138242,229,0.0881786676934925,31,2016-04-06 16:42:54.070
82,5123379400000,2016,1,2005,12354,6.161596009975059,123,0.0613466334164589,31,2016-04-06 16:42:54.070
83,5123379400000,2016,2,1813,10097,5.569222283508,88,0.04853833425262,29,2016-05-05 14:14:12.507
96,5123385820100,2014,4,1753,1442,0.8225898459783231,318,0.181403308613805,6,2017-08-10 14:19:33.927
97,5123385820100,2014,5,4402,12133,2.75624716038164,2745,0.623580190822354,31,2016-12-22 14:16:55.570
98,5123385820100,2014,6,1187,3827,3.2240943555181096,401,0.337826453243471,24,2016-12-22 14:16:55.570
99,5123385820100,2014,7,1204,4520,3.75415282392027,499,0.414451827242525,30,2016-04-06 16:52:01.973
100,5123385820100,2014,8,1176,9754,8.29421768707483,172,0.1462585034013609,25,2016-04-06 16:52:01.973
101,5123385820100,2014,9,1523,8981,5.89691398555483,276,0.181221273801707,30,2016-04-06 16:52:01.973
102,5123385820100,2014,10,1169,3876,3.31565440547476,287,0.245508982035928,28,2016-04-06 16:52:01.973
103,5123385820100,2014,11,782,2928,3.74424552429668,133,0.170076726342711,29,2016-04-06 16:52:01.973
104,5123385820100,2014,12,634,1376,2.17034700315457,67,0.105678233438486,31,2016-04-06 16:52:01.973
105,5123385820100,2015,1,597,1470,2.46231155778894,95,0.159128978224456,29,2016-12-22 14:16:55.570
106,5123385820100,2015,2,634,1795,2.83123028391167,87,0.137223974763407,28,2016-12-22 14:16:55.570
107,5123385820100,2015,3,508,1691,3.3287401574803104,37,0.0728346456692913,31,2016-12-22 14:16:55.570
120,5123390320000,2014,10,1115,1030,0.923766816143498,1735,1.55605381165919,7,2016-04-06 17:56:43.533
121,5123390320000,2014,11,2339,1959,0.8375374091492092,2472,1.05686190679778,14,2016-04-06 17:56:43.533
122,5123390320000,2014,12,5366,11936,2.22437569884458,2857,0.532426388371226,30,2016-04-06 17:56:43.533
123,5123390320000,2015,1,3599,11870,3.2981383717699395,960,0.26674076132259,31,2016-04-06 17:56:43.533
124,5123390320000,2015,2,2185,9471,4.33455377574371,982,0.449427917620137,28,2016-04-06 17:56:43.533
125,5123390320000,2015,3,2488,9618,3.86575562700965,886,0.356109324758842,31,2016-04-06 17:56:43.533
126,5123390320000,2015,4,1695,6318,3.72743362831858,151,0.0890855457227139,30,2016-04-06 17:56:43.533
127,5123390320000,2015,5,1620,4747,2.93024691358025,172,0.106172839506173,31,2016-04-06 17:56:43.533
128,5123390320000,2015,6,2031,7609,3.74643032988676,698,0.343673067454456,30,2016-04-06 17:56:43.533
129,5123390320000,2015,7,1902,6766,3.5573080967402704,432,0.227129337539432,31,2016-04-06 17:56:43.533
130,5123390320000,2015,8,1509,6343,4.20344599072233,511,0.338634857521537,31,2016-04-06 17:56:43.533
131,5123390320000,2015,9,1337,5746,4.29768137621541,472,0.353029169783097,30,2016-04-06 17:56:43.533
144,5123390440000,2014,8,7757,12911,1.6644321258218402,0,0.0,24,2016-04-06 16:52:56.240
145,5123390440000,2014,9,9725,14539,1.49501285347044,0,0.0,30,2016-04-06 16:52:56.240
146,5123390440000,2014,10,11541,21275,1.8434277792219,75,0.0064985703145308,31,2016-04-06 16:52:56.240
147,5123390440000,2014,11,9506,22784,2.39680201977698,170,0.0178834420366085,30,2016-04-06 16:52:56.240
148,5123390440000,2014,12,8121,27363,3.36941263391208,0,0.0,31,2016-04-06 16:52:56.240
149,5123390440000,2015,1,6759,27266,4.03402870247078,288,0.0426098535286285,31,2016-04-06 16:52:56.240
150,5123390440000,2015,2,5282,21521,4.07440363498675,75,0.0141991669822037,27,2016-04-06 16:52:56.240
151,5123390440000,2015,3,5291,24029,4.541485541485541,0,0.0,31,2016-04-06 16:52:56.240
152,5123390440000,2015,4,4678,21292,4.55151774262505,143,0.0305686190679778,30,2016-04-06 16:52:56.240
153,5123390440000,2015,5,4337,26440,6.09637998616555,6,0.0013834447774959,31,2016-04-06 16:52:56.240
154,5123390440000,2015,6,3732,22827,6.11655948553055,216,0.0578778135048231,30,2016-04-06 16:52:56.240
155,5123390440000,2015,7,3407,21680,6.363369533313769,310,0.0909891400058703,31,2016-04-06 16:52:56.240
168,5123392690000,2015,7,870,1575,1.8103448275862104,175,0.201149425287356,8,2016-04-06 15:48:04.003
169,5123392690000,2015,8,5378,8641,1.6067311268129398,1953,0.363146150985496,31,2016-04-06 15:48:04.003
170,5123392690000,2015,9,5810,9665,1.66351118760757,1408,0.242340791738382,30,2016-04-06 15:48:04.003
171,5123392690000,2015,10,6917,12181,1.7610235651293895,1581,0.228567297961544,28,2016-04-06 15:48:04.003
172,5123392690000,2015,11,5465,10186,1.86386093321134,881,0.161207685269899,30,2016-04-06 15:48:04.003
173,5123392690000,2015,12,4005,9457,2.36129837702871,551,0.137578027465668,31,2016-04-06 15:48:04.003
174,5123392690000,2016,1,4326,8831,2.041377716135,717,0.1657420249653259,31,2016-04-06 15:48:04.003
175,5123392690000,2016,2,4523,15703,3.4718107450807,736,0.162723855847889,29,2016-04-28 14:05:23.237
176,5123392690000,2016,3,3799,17428,4.58752303237694,642,0.168991839957884,31,2016-06-02 14:05:16.460
177,5123392690000,2016,4,3450,18954,5.49391304347826,582,0.168695652173913,30,2016-06-23 14:02:59.730
178,5123392690000,2016,5,3334,20430,6.1277744451109815,507,0.152069586082783,31,2016-08-25 14:06:44.383
179,5123392690000,2016,6,3347,19116,5.711383328353749,538,0.1607409620555719,30,2016-08-25 14:06:44.383
192,5123399750000,2015,4,1119,11226,10.0321715817694,0,0.0,23,2016-04-06 14:44:22.227
193,5123399750000,2015,5,1513,17580,11.6192994051553,0,0.0,24,2016-04-06 14:44:22.227
194,5123399750000,2015,6,1217,15453,12.6976170912079,0,0.0,30,2016-04-06 14:44:22.227
195,5123399750000,2015,7,1265,17842,14.104347826087,87,0.0687747035573123,31,2016-04-06 14:44:22.227
196,5123399750000,2015,8,1402,21201,15.1219686162625,321,0.2289586305278169,31,2016-04-06 14:44:22.227
197,5123399750000,2015,9,2982,43338,14.533199195171,445,0.149228705566734,29,2016-04-06 14:44:22.227
198,5123399750000,2015,10,3575,58624,16.3983216783217,0,0.0,31,2016-04-06 14:44:22.227
199,5123399750000,2015,11,3282,58637,17.8662400975015,674,0.205362583790372,30,2016-04-06 14:44:22.227
200,5123399750000,2015,12,2281,48002,21.0442788250767,257,0.112669881630864,31,2016-04-06 14:44:22.227
201,5123399750000,2016,1,2514,52756,20.9848846459825,478,0.1901352426412089,31,2016-04-06 14:44:22.227
202,5123399750000,2016,2,1942,47743,24.5844490216272,787,0.405252317198764,29,2016-05-12 14:05:39.957
203,5123399750000,2016,3,1751,43829,25.0308395202741,447,0.255282695602513,29,2016-06-02 14:01:39.263
216,5123402600000,2015,9,9508,10769,1.1326251577618798,1849,0.194467816575515,15,2016-04-06 14:03:55.487
217,5123402600000,2015,10,13265,25730,1.93969091594421,3055,0.230305314738032,31,2016-04-06 14:03:55.487
218,5123402600000,2015,11,8090,29821,3.68615574783684,1633,0.20185414091471,30,2016-04-06 14:03:55.487
219,5123402600000,2015,12,6377,34202,5.36333699231614,1048,0.164340599027756,31,2016-04-06 14:03:55.487
220,5123402600000,2016,1,5124,29190,5.69672131147541,754,0.1471506635441059,31,2016-06-23 14:01:33.153
221,5123402600000,2016,2,4098,23662,5.77403611517814,550,0.134211810639336,29,2016-05-05 14:02:53.863
222,5123402600000,2016,3,3804,25103,6.599106203995791,512,0.13459516298633,31,2016-05-26 14:00:35.353
223,5123402600000,2016,4,3219,24776,7.696800248524389,560,0.173967070518795,30,2016-06-30 14:01:26.413
224,5123402600000,2016,5,1696,11515,6.78950471698113,401,0.236438679245283,15,2016-08-18 14:00:36.857
225,5123402600000,2016,6,0,0,0.0,0,0.0,0,2016-05-05 14:02:53.863
226,5123402600000,2016,7,0,0,0.0,0,0.0,0,2016-05-05 14:02:53.863
227,5123402600000,2016,8,2046,5733,2.80205278592375,1233,0.602639296187683,26,2017-03-09 14:02:07.203
240,5123409020000,2015,9,7741,19946,2.57666968091978,6010,0.7763854799121559,26,2016-04-06 21:28:20.670
241,5123409020000,2015,10,5880,27444,4.66734693877551,2588,0.440136054421769,31,2016-04-06 21:28:20.670
242,5123409020000,2015,11,4261,20872,4.89838066181647,1449,0.3400610185402489,30,2016-04-06 21:28:20.670
243,5123409020000,2015,12,3226,16208,5.02417854928704,965,0.299132052076875,31,2016-04-06 21:28:20.670
244,5123409020000,2016,1,2777,13096,4.715880446525032,808,0.2909614692113789,31,2016-04-06 21:28:20.670
245,5123409020000,2016,2,1866,10720,5.744908896034301,481,0.257770632368703,26,2016-05-05 14:37:12.997
246,5123409020000,2016,3,2364,14057,5.94627749576988,502,0.212351945854484,29,2017-08-03 14:46:11.173
247,5123409020000,2016,4,1864,13403,7.1904506437768205,400,0.214592274678112,30,2016-06-23 14:13:14.117
248,5123409020000,2016,5,1822,13061,7.168496158068058,359,0.197036223929748,31,2016-08-25 14:23:25.007
249,5123409020000,2016,6,2168,14223,6.56042435424354,420,0.193726937269373,30,2016-08-25 14:23:25.007
250,5123409020000,2016,7,1670,13801,8.26407185628742,321,0.192215568862275,30,2017-08-03 14:46:11.173
251,5123409020000,2016,8,1588,14864,9.36020151133501,351,0.22103274559194,31,2016-10-27 14:19:17.187
264,5123410480000,2015,4,1322,1525,1.1535552193646,9341,7.06580937972769,30,2016-04-07 11:48:38.070
265,5123410480000,2015,5,9682,8840,0.9130344970047508,6329,0.653687254699442,31,2016-04-07 11:48:38.070
266,5123410480000,2015,6,6407,16973,2.64913375995005,2497,0.3897299828312779,30,2016-04-07 11:48:38.070
267,5123410480000,2015,7,4865,16935,3.48098663926002,1715,0.352517985611511,31,2016-04-07 11:48:38.070
268,5123410480000,2015,8,2979,10819,3.63175562269218,1080,0.3625377643504529,30,2016-04-07 11:48:38.070
269,5123410480000,2015,9,406,335,0.82512315270936,2239,5.51477832512315,30,2016-04-07 11:48:38.070
270,5123410480000,2015,10,1340,2362,1.76268656716418,1595,1.19029850746269,31,2016-04-07 11:48:38.070
271,5123410480000,2015,11,1234,2052,1.66288492706645,726,0.5883306320907621,30,2016-04-07 11:48:38.070
272,5123410480000,2015,12,1133,1991,1.75728155339806,458,0.40423654015887,31,2016-04-07 11:48:38.070
273,5123410480000,2016,1,993,1631,1.6424974823766398,332,0.334340382678751,31,2016-04-21 14:55:38.917
274,5123410480000,2016,2,992,1971,1.98689516129032,390,0.393145161290323,29,2016-05-12 14:48:25.380
275,5123410480000,2016,3,946,2054,2.17124735729387,309,0.326638477801268,31,2016-06-09 15:03:21.333
288,30015414470000,2013,12,1269,2639,2.0795902285264,2501,1.97084318360914,19,2016-05-29 10:21:59.830
289,30015414470000,2014,1,11831,0,0.0,11600,0.98047502324402,31,2016-05-29 10:21:59.830
290,30015414470000,2014,2,6876,0,0.0,10178,1.48022105875509,28,2016-05-29 10:21:59.830
291,30015414470000,2014,3,3781,0,0.0,11284,2.9843956625231405,31,2016-05-29 10:21:59.830
292,30015414470000,2014,4,1470,371,0.252380952380952,1652,1.12380952380952,15,2016-05-29 10:21:59.830
293,30015414470000,2014,5,4413,4214,0.954905959664627,6632,1.50283254022207,31,2016-05-29 10:21:59.830
294,30015414470000,2014,6,3564,6,0.0016835016835016,8938,2.50785634118967,30,2016-05-29 10:21:59.830
295,30015414470000,2014,7,3235,4890,1.51159196290572,8640,2.67078825347759,31,2016-05-29 10:21:59.830
296,30015414470000,2014,8,3156,6099,1.93250950570342,9497,3.00918884664132,31,2016-05-29 10:21:59.830
297,30015414470000,2014,9,2758,5716,2.07251631617114,6614,2.39811457577955,26,2016-05-29 10:21:59.830
298,30015414470000,2014,10,2878,7199,2.50138985406532,10643,3.6980542043085496,31,2016-05-29 10:21:59.830
299,30015414470000,2014,11,2555,11796,4.616829745596871,8369,3.2755381604696696,29,2016-05-29 10:21:59.830
312,30025425390000,2015,8,10651,1973,0.1852408224579849,18593,1.74565768472444,31,2018-09-09 11:58:49.787
313,30025425390000,2015,9,19183,26604,1.38685294270969,25246,1.31606109576187,9,2016-08-18 15:28:58.573
314,30025425390000,2015,10,36527,57826,1.58310291017603,45026,1.23267719768938,31,2016-08-18 15:28:58.573
315,30025425390000,2015,11,22805,34850,1.5281736461302302,29757,1.30484542863407,30,2016-09-01 17:15:31.213
316,30025425390000,2015,12,16528,24861,1.50417473378509,23790,1.43937560503388,27,2016-05-29 06:35:45.147
317,30025425390000,2016,1,17263,28519,1.6520303539361598,21966,1.27243236980826,31,2018-09-23 10:21:17.740
318,30025425390000,2016,2,15312,23747,1.5508751306165098,3,0.0001959247648902,29,2018-10-07 15:44:33.167
319,30025425390000,2016,3,14030,21559,1.5366357804704198,19539,1.39265858873842,31,2018-10-07 15:44:33.167
320,30025425390000,2016,4,12649,20974,1.65815479484544,17565,1.3886473238991202,30,2018-10-07 15:44:33.167
321,30025425390000,2016,5,11044,19042,1.7241941325606698,22276,2.01702281781963,31,2018-10-07 15:44:33.167
322,30025425390000,2016,6,9875,16397,1.66045569620253,14464,1.46470886075949,30,2018-10-21 09:04:15.393
323,30025425390000,2016,7,2407,4098,1.7025342750311598,3664,1.52222683838803,12,2018-10-07 15:44:33.167
336,33023010960000,2014,3,3781,2445,0.6466543242528431,12099,3.19994710394076,14,2016-04-06 16:12:38.637
337,33023010960000,2014,4,2781,1774,0.6379000359582879,5950,2.1395181589356302,12,2016-04-06 16:12:38.637
338,33023010960000,2014,5,9377,6504,0.693612029433721,15622,1.66599125519889,26,2016-04-06 16:12:38.637
339,33023010960000,2014,6,7891,5478,0.6942085920669121,11873,1.50462552274743,25,2016-04-06 16:12:38.637
340,33023010960000,2014,7,8480,5829,0.687382075471698,12650,1.49174528301887,30,2016-04-06 16:12:38.637
341,33023010960000,2014,8,7755,4917,0.634042553191489,11480,1.48033526756931,29,2016-04-06 16:12:38.637
342,33023010960000,2014,9,6362,3988,0.626846903489469,9072,1.42596667714555,25,2016-04-06 16:12:38.637
343,33023010960000,2014,10,6810,4158,0.6105726872246701,9314,1.36769456681351,28,2016-04-06 16:12:38.637
344,33023010960000,2014,11,6608,4059,0.614255447941889,8599,1.3013014527845,30,2016-04-06 16:12:38.637
345,33023010960000,2014,12,6253,3490,0.558132096593635,8321,1.3307212537981798,31,2016-04-06 16:12:38.637
346,33023010960000,2015,1,5785,3791,0.655315471045808,7765,1.3422644770959398,31,2016-04-06 16:12:38.637
347,33023010960000,2015,2,4775,3079,0.644816753926702,6475,1.35602094240838,28,2016-04-06 16:12:38.637
360,33025026780000,2015,7,0,568,0.0,0,0.0,1,2016-04-06 16:34:26.143
361,33025026780000,2015,8,601,486,0.80865224625624,0,0.0,3,2016-04-06 16:34:26.143
362,33025026780000,2015,9,13064,9178,0.70254133496632,5411,0.4141916717697489,13,2016-04-06 16:34:26.143
363,33025026780000,2015,10,28251,21993,0.7784857173197409,8873,0.314077377791937,31,2016-04-06 16:34:26.143
364,33025026780000,2015,11,20588,18815,0.9138818729356908,6776,0.329123761414416,30,2016-04-06 16:34:26.143
365,33025026780000,2015,12,16789,15561,0.926856870570016,5208,0.310203109178629,31,2016-04-06 16:34:26.143
366,33025026780000,2016,1,14360,12977,0.903690807799443,4694,0.326880222841226,31,2016-04-06 16:34:26.143
367,33025026780000,2016,2,14885,14207,0.954450789385287,5651,0.379643936849177,29,2016-04-14 14:06:00.943
368,33025026780000,2016,3,16597,15766,0.949930710369344,5171,0.311562330541664,31,2016-05-05 14:15:12.973
369,33025026780000,2016,4,15205,16589,1.09102268990464,4675,0.307464649786255,30,2016-06-09 14:17:24.660
370,33025026780000,2016,5,18338,22151,1.20792889082779,5929,0.323317700948849,31,2016-07-07 14:19:34.327
371,33025026780000,2016,6,13993,24649,1.76152361895233,5659,0.404416493961266,26,2016-08-11 14:36:18.977
384,33053048870100,2014,11,34587,19976,0.577558042038916,56668,1.63841905918409,27,2016-04-06 16:07:05.413
385,33053048870100,2014,12,23756,27994,1.17839703653814,26372,1.11011954874558,31,2016-04-06 16:07:05.413
386,33053048870100,2015,1,11248,12001,1.06694523470839,12374,1.100106685633,26,2016-04-06 16:07:05.413
387,33053048870100,2015,2,8767,11220,1.27979924717691,4556,0.519676057944565,23,2016-04-06 16:07:05.413
388,33053048870100,2015,3,9780,11709,1.19723926380368,12829,1.31175869120654,31,2016-04-06 16:07:05.413
389,33053048870100,2015,4,10663,11125,1.04332739379162,9801,0.919159711150708,30,2016-04-06 16:07:05.413
390,33053048870100,2015,5,8810,9198,1.04404086265607,8903,1.0105561861521,31,2016-04-06 16:07:05.413
391,33053048870100,2015,6,8568,9036,1.0546218487395,9661,1.12756769374416,28,2016-04-06 16:07:05.413
392,33053048870100,2015,7,9149,10917,1.19324516340584,8163,0.8922286588698221,31,2016-04-06 16:07:05.413
393,33053048870100,2015,8,8695,10029,1.153421506613,8539,0.98205865439908,20,2016-04-06 16:07:05.413
394,33053048870100,2015,9,8102,9706,1.1979758084423602,7832,0.9666748950876328,30,2016-04-06 16:07:05.413
395,33053048870100,2015,10,9773,11982,1.22603090146321,8711,0.891333265118183,31,2016-04-06 16:07:05.413
408,33053051530000,2014,4,6542,25559,3.90690920207888,5010,0.765820849892999,30,2016-04-06 17:41:09.510
409,33053051530000,2014,5,10012,11756,1.174190970835,1843,0.184079105073911,4,2016-04-06 17:41:09.510
410,33053051530000,2014,6,4473,9465,2.11602951039571,1140,0.254862508383635,12,2016-04-06 17:41:09.510
411,33053051530000,2014,7,21986,38170,1.7361047939597902,4253,0.193441280815064,31,2016-04-06 17:41:09.510
412,33053051530000,2014,8,18051,34555,1.91429837682123,933,0.0516868871530663,24,2016-04-06 17:41:09.510
413,33053051530000,2014,9,19690,53660,2.7252412392077203,291,0.0147790756729304,30,2016-04-06 17:41:09.510
414,33053051530000,2014,10,15429,48122,3.11893188152181,3699,0.239743340462765,31,2016-04-06 17:41:09.510
415,33053051530000,2014,11,9650,23923,2.4790673575129505,1835,0.190155440414508,27,2016-04-06 17:41:09.510
416,33053051530000,2014,12,10714,34182,3.1904050774687303,2196,0.204965465745753,31,2016-04-06 17:41:09.510
417,33053051530000,2015,1,9397,37747,4.01692029371076,1825,0.194210918378206,31,2016-04-06 17:41:09.510
418,33053051530000,2015,2,8067,24064,2.9830172306929503,1244,0.154208503780836,28,2016-04-06 17:41:09.510
419,33053051530000,2015,3,10421,21866,2.09826312254102,1485,0.142500719700605,31,2016-04-06 17:41:09.510
432,33053056390200,2015,1,13230,21790,1.64701436130008,3607,0.272637944066515,16,2016-08-11 14:23:46.563
433,33053056390200,2015,2,9445,15384,1.628798305982,1820,0.192694547379566,28,2016-10-20 14:08:56.447
434,33053056390200,2015,3,9344,15004,1.6057363013698602,1607,0.171982020547945,31,2016-08-11 14:23:46.563
435,33053056390200,2015,4,10960,28932,2.63978102189781,2740,0.25,30,2016-04-06 17:11:45.830
436,33053056390200,2015,5,6598,20444,3.09851470142467,2060,0.31221582297666,31,2016-04-06 17:11:45.830
437,33053056390200,2015,6,5224,15072,2.88514548238897,1416,0.271056661562021,30,2016-04-06 17:11:45.830
438,33053056390200,2015,7,4545,19425,4.27392739273927,1642,0.3612761276127609,31,2016-04-06 17:11:45.830
439,33053056390200,2015,8,3750,16665,4.444,1310,0.349333333333333,31,2016-04-06 17:11:45.830
440,33053056390200,2015,9,1093,4089,3.74107959743824,371,0.3394327538883811,19,2016-04-06 17:11:45.830
441,33053056390200,2015,10,3228,6515,2.01827757125155,977,0.302664188351921,26,2016-04-06 17:11:45.830
442,33053056390200,2015,11,3425,15342,4.47941605839416,1389,0.405547445255474,30,2016-04-06 17:11:45.830
443,33053056390200,2015,12,2895,9831,3.3958549222797902,1030,0.355785837651123,31,2016-08-11 14:23:46.563
456,33053056550000,2014,6,9608,13303,1.38457535387177,23167,2.41121981681932,16,2016-04-06 14:01:04.923
457,33053056550000,2014,7,14664,16917,1.15364157119476,9846,0.6714402618657939,31,2016-04-06 14:01:04.923
458,33053056550000,2014,8,9103,9504,1.04405141162254,7039,0.773261562122377,28,2016-04-06 14:01:04.923
459,33053056550000,2014,9,8683,8839,1.01796614073477,6456,0.74352182425429,25,2016-04-06 14:01:04.923
460,33053056550000,2014,10,11039,10767,0.975360086964399,6653,0.602681402300933,31,2016-04-06 14:01:04.923
461,33053056550000,2014,11,4653,6751,1.45089189770041,3317,0.7128734150010749,30,2016-04-06 14:01:04.923
462,33053056550000,2014,12,6958,6347,0.912187410175338,4181,0.6008910606496121,31,2016-04-06 14:01:04.923
463,33053056550000,2015,1,8124,5690,0.700393894633186,4696,0.578040374199902,31,2016-04-06 14:01:04.923
464,33053056550000,2015,2,5914,7141,1.2074737910044,4297,0.7265809942509301,28,2016-04-06 14:01:04.923
465,33053056550000,2015,3,5405,7717,1.4277520814061102,3982,0.7367252543940799,31,2016-04-06 14:01:04.923
466,33053056550000,2015,4,5258,6995,1.33035374667174,3527,0.670787371624192,30,2016-04-06 14:01:04.923
467,33053056550000,2015,5,3841,4759,1.23900026034887,2849,0.7417339234574329,28,2016-04-06 14:01:04.923
480,33053059400000,2015,3,23,29,1.26086956521739,870,37.8260869565217,2,2016-04-06 13:49:06.460
481,33053059400000,2015,4,4456,7534,1.69075403949731,6558,1.4717235188509898,5,2016-04-06 13:49:06.460
482,33053059400000,2015,5,2238,5252,2.3467381590706,1677,0.749329758713137,6,2016-04-06 13:49:06.460
483,33053059400000,2015,6,12456,22306,1.7907835581246,7357,0.590639049454078,30,2016-04-06 13:49:06.460
484,33053059400000,2015,7,13359,23207,1.7371809267160705,6997,0.523766749008159,31,2016-04-06 13:49:06.460
485,33053059400000,2015,8,9607,13090,1.36254814197981,5098,0.5306547309253671,31,2016-04-06 13:49:06.460
486,33053059400000,2015,9,6060,12617,2.08201320132013,4131,0.6816831683168321,30,2016-04-06 13:49:06.460
487,33053059400000,2015,10,7443,14116,1.89654709122666,3465,0.465538089480048,31,2016-04-06 13:49:06.460
488,33053059400000,2015,11,5271,8881,1.68487952950104,3368,0.638967937772719,29,2016-04-06 13:49:06.460
489,33053059400000,2015,12,7414,13369,1.80321014297275,3674,0.495548961424332,18,2016-04-06 13:49:06.460
490,33053059400000,2016,1,4430,9632,2.17426636568849,2841,0.641309255079007,14,2016-04-06 13:49:06.460
491,33053059400000,2016,2,717,1581,2.20502092050209,664,0.9260808926080892,3,2016-04-06 13:49:06.460
504,33053061530000,2015,6,14339,16487,1.14980124136969,4098,0.285793988423182,9,2016-04-06 14:39:18.167
505,33053061530000,2015,7,0,0,0.0,0,0.0,0,2016-04-06 14:39:18.167
506,33053061530000,2015,8,0,0,0.0,0,0.0,0,2016-04-06 14:39:18.167
507,33053061530000,2015,9,0,0,0.0,0,0.0,0,2016-04-06 14:39:18.167
508,33053061530000,2015,10,16769,21106,1.25863199952293,10090,0.6017055280577261,25,2016-04-06 14:39:18.167
509,33053061530000,2015,11,13562,17594,1.2973012829966102,5834,0.430172540923168,30,2016-04-06 14:39:18.167
510,33053061530000,2015,12,14543,18614,1.27992848793234,4477,0.3078456989617,31,2016-04-06 14:39:18.167
511,33053061530000,2016,1,13755,17475,1.27044711014177,2865,0.208287895310796,31,2016-04-06 14:39:18.167
512,33053061530000,2016,2,12073,16729,1.3856539385405502,2459,0.203677627764433,29,2016-04-06 14:39:18.167
513,33053061530000,2016,3,11189,16799,1.50138528912325,2482,0.221825006703012,31,2016-05-05 14:04:28.073
514,33053061530000,2016,4,11001,17432,1.5845832197073,2376,0.215980365421325,30,2016-06-09 14:06:34.493
515,33053061530000,2016,5,11177,23007,2.05842354835824,2583,0.231099579493603,31,2016-07-07 14:05:51.490
528,33053061600000,2014,12,1700,2457,1.4452941176470602,83,0.0488235294117647,3,2016-04-06 17:09:27.953
529,33053061600000,2015,1,12269,25774,2.1007417067405703,947,0.0771864047599641,31,2016-04-06 17:09:27.953
530,33053061600000,2015,2,5351,10663,1.99271164268361,987,0.184451504391702,24,2016-04-06 17:09:27.953
531,33053061600000,2015,3,2424,4801,1.98061056105611,526,0.2169966996699669,13,2016-04-06 17:09:27.953
532,33053061600000,2015,4,4712,6998,1.48514431239389,974,0.206706281833616,23,2016-04-06 17:09:27.953
533,33053061600000,2015,5,4452,8089,1.81693620844564,1392,0.31266846361186,31,2016-04-06 17:09:27.953
534,33053061600000,2015,6,3151,3172,1.00666455093621,1306,0.4144715963186289,30,2016-04-06 17:09:27.953
535,33053061600000,2015,7,2912,2792,0.9587912087912092,1369,0.4701236263736261,31,2016-04-06 17:09:27.953
536,33053061600000,2015,8,2794,4516,1.61632068718683,1367,0.489262705798139,31,2016-04-06 17:09:27.953
537,33053061600000,2015,9,2317,3541,1.5282693137678,1197,0.516616314199396,25,2016-04-06 17:09:27.953
538,33053061600000,2015,10,2191,5029,2.2952989502510297,837,0.382017343678686,28,2016-04-06 17:09:27.953
539,33053061600000,2015,11,2592,5725,2.20871913580247,777,0.299768518518519,23,2016-04-06 17:09:27.953
552,33053061970000,2015,8,26062,40376,1.5492287621824898,3994,0.153249942444939,30,2016-04-06 13:54:56.410
553,33053061970000,2015,9,16487,23509,1.42591132407351,4974,0.301692242372779,28,2016-04-06 13:54:56.410
554,33053061970000,2015,10,14996,20778,1.38556948519605,3062,0.204187783408909,31,2016-04-06 13:54:56.410
555,33053061970000,2015,11,11193,18767,1.67667292057536,2469,0.220584293755025,28,2016-04-06 13:54:56.410
556,33053061970000,2015,12,9919,18813,1.89666297005747,2923,0.294686964411735,26,2016-04-06 13:54:56.410
557,33053061970000,2016,1,6658,17170,2.5788525082607405,3178,0.477320516671673,20,2016-04-06 13:54:56.410
558,33053061970000,2016,2,7158,19608,2.73931265716681,3788,0.529198100027941,29,2016-04-06 13:54:56.410
559,33053061970000,2016,3,915,1787,1.95300546448087,653,0.713661202185792,7,2016-05-12 14:01:17.217
560,33053061970000,2016,4,3443,3670,1.06593087423758,1939,0.563171652628522,17,2016-06-16 14:00:06.493
561,33053061970000,2016,5,6343,9282,1.46334542014819,2939,0.463345420148195,31,2016-07-14 14:00:52.263
562,33053061970000,2016,6,5147,11143,2.16495045657665,2907,0.564795026228871,30,2016-08-11 14:04:31.023
563,33053061970000,2016,7,4911,16435,3.3465689268987995,3027,0.616371411117899,31,2016-09-15 14:02:35.337
576,33053062710000,2015,3,62,30,0.483870967741936,87,1.40322580645161,11,2016-06-09 14:01:21.163
577,33053062710000,2015,4,11348,9322,0.821466337680649,20555,1.81133239337328,27,2016-04-06 13:49:04.630
578,33053062710000,2015,5,5658,4799,0.8481795687522091,9445,1.66931778013432,28,2016-04-06 13:49:04.630
579,33053062710000,2015,6,8375,6200,0.740298507462687,9932,1.18591044776119,30,2016-04-06 13:49:04.630
580,33053062710000,2015,7,7055,6418,0.90970942593905,8748,1.23997165131113,31,2016-04-06 13:49:04.630
581,33053062710000,2015,8,5171,5520,1.0674917810868298,6744,1.3041964803713,31,2016-05-05 14:01:26.613
582,33053062710000,2015,9,3964,4412,1.11301715438951,4753,1.19904137235116,30,2016-04-06 13:49:04.630
583,33053062710000,2015,10,2897,2382,0.822229892992751,3214,1.10942354159475,31,2016-04-06 13:49:04.630
584,33053062710000,2015,11,3037,3240,1.06684227856437,3728,1.2275271649654298,30,2016-04-06 13:49:04.630
585,33053062710000,2015,12,2521,2521,1.0,2792,1.1074970249900802,31,2016-04-06 13:49:04.630
586,33053062710000,2016,1,2276,1768,0.776801405975395,3064,1.34622144112478,29,2016-04-06 13:49:04.630
587,33053062710000,2016,2,2583,1509,0.5842044134727061,2896,1.12117692605497,29,2016-04-06 13:49:04.630
600,33053067490000,2015,10,6749,15068,2.2326270558601298,6979,1.03407912283301,8,2016-11-17 15:24:11.457
601,33053067490000,2015,11,23356,56305,2.41072957698236,15867,0.679354341496832,16,2016-04-21 15:11:06.780
602,33053067490000,2015,12,42345,110266,2.6039910260951697,12259,0.289502892903531,31,2016-04-21 15:11:06.780
603,33053067490000,2016,1,36323,97546,2.6855160642017504,7253,0.199680643118685,31,2016-04-21 15:11:06.780
604,33053067490000,2016,2,25532,70867,2.77561491461695,4190,0.164107786307379,24,2016-04-21 15:11:06.780
605,33053067490000,2016,3,21449,78193,3.64553126019861,4070,0.189752436011003,31,2016-05-12 14:56:05.960
606,33053067490000,2016,4,16616,73073,4.39774915743861,3558,0.214130958112663,30,2016-06-09 15:09:26.887
607,33053067490000,2016,5,15508,84073,5.42126644312613,3656,0.235749290688677,31,2016-07-07 15:08:44.240
608,33053067490000,2016,6,12849,76260,5.935092225075881,3356,0.261187641061561,30,2016-08-11 15:21:01.100
609,33053067490000,2016,7,5354,32961,6.1563317146059005,1250,0.233470302577512,14,2016-09-08 14:31:53.160
610,33053067490000,2016,8,0,0,0.0,0,0.0,0,2016-04-21 15:11:06.780
611,33053067490000,2016,9,348,825,2.37068965517241,180,0.517241379310345,1,2016-11-10 15:18:36.193
624,33061032390000,2015,2,7354,7153,0.972667935817242,19592,2.6641283655153702,20,2016-04-06 16:22:02.057
625,33061032390000,2015,3,4445,4796,1.07896512935883,5860,1.31833520809899,24,2016-04-06 16:22:02.057
626,33061032390000,2015,4,6442,5343,0.8294008072027321,8827,1.37022663769016,30,2016-04-06 16:22:02.057
627,33061032390000,2015,5,5693,5642,0.991041630072018,5791,1.01721412260671,31,2016-04-06 16:22:02.057
628,33061032390000,2015,6,5148,5882,1.14257964257964,5128,0.996114996114996,30,2016-04-06 16:22:02.057
629,33061032390000,2015,7,4470,5819,1.30178970917226,4055,0.907158836689038,31,2016-04-06 16:22:02.057
630,33061032390000,2015,8,3745,3695,0.986648865153538,4153,1.10894526034713,31,2016-04-06 16:22:02.057
631,33061032390000,2015,9,3091,3851,1.24587512131996,3566,1.15367195082498,30,2016-04-06 16:22:02.057
632,33061032390000,2015,10,1929,1899,0.9844479004665628,1994,1.03369621565578,22,2016-04-06 16:22:02.057
633,33061032390000,2015,11,2420,2225,0.919421487603306,2251,0.930165289256198,30,2016-04-06 16:22:02.057
634,33061032390000,2015,12,2373,2226,0.938053097345133,2238,0.943109987357775,29,2016-04-06 16:22:02.057
635,33061032390000,2016,1,2531,2731,1.07902015013829,2354,0.930067167127618,31,2016-04-06 16:22:02.057
648,33061033560000,2015,7,17985,19630,1.09146510981373,7939,0.441423408395885,21,2016-04-06 16:22:58.443
649,33061033560000,2015,8,15646,17332,1.10775917167327,5508,0.352038859772466,31,2016-04-06 16:22:58.443
650,33061033560000,2015,9,12933,14955,1.15634423567618,3645,0.281837160751566,30,2016-04-06 16:22:58.443
651,33061033560000,2015,10,12245,15412,1.2586361780318502,3497,0.285585953450388,31,2016-04-06 16:22:58.443
652,33061033560000,2015,11,8306,11299,1.36034192150253,2585,0.3112208042379,27,2016-04-06 16:22:58.443
653,33061033560000,2015,12,8778,13755,1.56698564593301,3127,0.356231487810435,31,2016-04-06 16:22:58.443
654,33061033560000,2016,1,5909,9677,1.63767134878998,2014,0.340836012861736,25,2017-06-08 14:17:59.110
655,33061033560000,2016,2,2993,2647,0.884396926161042,1215,0.405947210157033,16,2017-06-08 14:17:59.110
656,33061033560000,2016,3,7764,7775,1.00141679546625,2489,0.320582174137043,31,2017-06-08 14:17:59.110
657,33061033560000,2016,4,6031,6250,1.03631238600564,1746,0.2895042281545349,30,2017-06-08 14:17:59.110
658,33061033560000,2016,5,5476,6260,1.14317019722425,1575,0.287618699780862,31,2017-06-08 14:17:59.110
659,33061033560000,2016,6,4845,5618,1.1595459236326102,1372,0.283178534571723,30,2017-06-08 14:17:59.110
672,33105031270000,2014,2,12258,27714,2.2608908467939304,27810,2.26872246696035,22,2016-04-06 14:00:22.053
673,33105031270000,2014,3,4806,11871,2.47003745318352,10373,2.15834373699542,14,2016-04-06 14:00:22.053
674,33105031270000,2014,4,4942,12061,2.4405099150141605,11498,2.32658842573857,20,2016-04-06 14:00:22.053
675,33105031270000,2014,5,4602,9363,2.03455019556714,8288,1.80095610604085,31,2016-04-06 14:00:22.053
676,33105031270000,2014,6,3398,9516,2.8004708652148302,5932,1.74573278399058,30,2016-04-06 14:00:22.053
677,33105031270000,2014,7,3139,10779,3.4338961452691903,5772,1.838802166295,31,2016-04-06 14:00:22.053
678,33105031270000,2014,8,2815,9735,3.45825932504441,6103,2.1680284191829498,31,2016-04-06 14:00:22.053
679,33105031270000,2014,9,2504,8603,3.43570287539936,6124,2.4456869009584703,30,2016-04-06 14:00:22.053
680,33105031270000,2014,10,2008,7528,3.749003984063741,5321,2.64990039840637,31,2016-04-06 14:00:22.053
681,33105031270000,2014,11,1593,4602,2.88888888888889,4454,2.79598242310107,30,2016-04-06 14:00:22.053
682,33105031270000,2014,12,1784,4941,2.76961883408072,4356,2.44170403587444,31,2016-04-06 14:00:22.053
683,33105031270000,2015,1,1896,6074,3.2035864978903,3235,1.70622362869198,31,2016-04-06 14:00:22.053
696,33105032030000,2014,4,8131,16008,1.96876152994712,14173,1.74308203173041,14,2016-04-06 14:41:07.423
697,33105032030000,2014,5,15574,30796,1.9773982278155904,21371,1.372222935662,31,2016-04-06 14:41:07.423
698,33105032030000,2014,6,10629,20442,1.9232289020604,13523,1.27227396744755,28,2016-04-06 14:41:07.423
699,33105032030000,2014,7,2335,5906,2.52933618843683,11579,4.9588865096359696,29,2016-04-06 14:41:07.423
700,33105032030000,2014,8,1656,3242,1.95772946859903,3202,1.93357487922705,27,2016-04-06 14:41:07.423
701,33105032030000,2014,9,3617,6852,1.89438761404479,15197,4.20154824440144,19,2016-04-06 14:41:07.423
702,33105032030000,2014,10,7464,14263,1.9109056806002096,12151,1.6279474812433,31,2016-04-06 14:41:07.423
703,33105032030000,2014,11,5730,10674,1.86282722513089,7090,1.23734729493892,26,2016-04-06 14:41:07.423
704,33105032030000,2014,12,4628,8595,1.85717372515125,6015,1.29969749351772,16,2016-04-06 14:41:07.423
705,33105032030000,2015,1,4536,7737,1.7056878306878305,5905,1.3018077601410902,22,2016-04-06 14:41:07.423
706,33105032030000,2015,2,5682,10383,1.82734952481521,6480,1.1404435058078102,28,2016-04-06 14:41:07.423
707,33105032030000,2015,3,5586,11797,2.11188686000716,6017,1.07715717866094,31,2016-04-06 14:41:07.423
720,33105034810000,2014,12,1017,1217,1.19665683382498,7289,7.167158308751231,3,2016-04-06 16:05:38.740
721,33105034810000,2015,1,1997,924,0.462694041061592,5609,2.80871306960441,17,2016-04-06 16:05:38.740
722,33105034810000,2015,2,0,0,0.0,0,0.0,0,2016-04-06 16:05:38.740
723,33105034810000,2015,3,0,0,0.0,0,0.0,0,2016-04-06 16:05:38.740
724,33105034810000,2015,4,81,0,0.0,322,3.97530864197531,10,2016-04-06 16:05:38.740
725,33105034810000,2015,5,6546,7813,1.19355331500153,10903,1.66559731133517,23,2016-04-06 16:05:38.740
726,33105034810000,2015,6,4696,3778,0.804514480408859,4483,0.9546422487223172,11,2016-04-06 16:05:38.740
727,33105034810000,2015,7,2234,2836,1.2694717994628502,3554,1.59086839749329,15,2016-04-06 16:05:38.740
728,33105034810000,2015,8,5210,5023,0.964107485604607,6325,1.21401151631478,28,2016-04-06 16:05:38.740
729,33105034810000,2015,9,2762,3010,1.08979000724113,5267,1.9069514844315705,30,2016-04-06 16:05:38.740
730,33105034810000,2015,10,4104,5352,1.30409356725146,4158,1.01315789473684,31,2016-04-06 16:05:38.740
731,33105034810000,2015,11,6365,6086,0.956166535742341,6091,0.956952081696779,30,2016-04-06 16:05:38.740
744,33105035380000,2014,12,12975,13763,1.06073217726397,77078,5.9405009633911385,17,2016-04-06 16:05:38.897
745,33105035380000,2015,1,23723,21488,0.9057876322556172,65800,2.77367955149011,27,2016-04-06 16:05:38.897
746,33105035380000,2015,2,0,0,0.0,0,0.0,0,2016-04-06 16:05:38.897
747,33105035380000,2015,3,12985,14181,1.09210627647285,26094,2.0095494801694302,21,2016-04-06 16:05:38.897
748,33105035380000,2015,4,6102,8485,1.39052769583743,10751,1.76188135037693,8,2016-04-06 16:05:38.897
749,33105035380000,2015,5,15879,20794,1.30952830782795,21968,1.3834624346621298,17,2016-04-06 16:05:38.897
750,33105035380000,2015,6,12413,12729,1.02545718198663,10230,0.824135986465802,22,2016-11-10 14:16:12.293
751,33105035380000,2015,7,16379,10974,0.670004273765187,16636,1.01569082361561,31,2016-04-06 16:05:38.897
752,33105035380000,2015,8,16094,21720,1.34957126879582,11773,0.7315148502547529,31,2016-04-06 16:05:38.897
753,33105035380000,2015,9,12288,14927,1.21476236979167,10634,0.865397135416667,30,2016-04-06 16:05:38.897
754,33105035380000,2015,10,12925,22835,1.76673114119923,13911,1.07628626692456,31,2016-04-06 16:05:38.897
755,33105035380000,2015,11,9053,17751,1.96078647962002,10604,1.17132442284326,27,2016-11-10 14:16:12.293
768,33105035810000,2015,3,3035,5240,1.72652388797364,25,0.0082372322899505,11,2016-04-06 14:38:23.137
769,33105035810000,2015,4,42,75,1.7857142857142905,0,0.0,2,2016-04-06 14:38:23.137
770,33105035810000,2015,5,9156,10252,1.1197029270423795,10768,1.17605941459152,23,2016-04-06 14:38:23.137
771,33105035810000,2015,6,11875,15259,1.28496842105263,9593,0.807831578947368,30,2016-04-06 14:38:23.137
772,33105035810000,2015,7,5422,6362,1.17336776097381,4336,0.799704905938768,16,2016-04-06 14:38:23.137
773,33105035810000,2015,8,3783,4812,1.27200634417129,2853,0.754163362410785,11,2016-04-06 14:38:23.137
774,33105035810000,2015,9,21,25,1.19047619047619,0,0.0,1,2016-04-06 14:38:23.137
775,33105035810000,2015,10,10963,18720,1.70756179877771,12267,1.11894554410289,26,2016-04-06 14:38:23.137
776,33105035810000,2015,11,6560,21556,3.2859756097561004,9810,1.4954268292682902,30,2016-04-06 14:38:23.137
777,33105035810000,2015,12,4628,14969,3.23444252376837,7019,1.5166378565255,31,2016-04-06 14:38:23.137
778,33105035810000,2016,1,3288,13211,4.01794403892944,5419,1.64811435523114,31,2016-04-06 14:38:23.137
779,33105035810000,2016,2,2493,8369,3.35699959887686,4119,1.65222623345367,28,2016-04-14 14:01:09.710
792,33105036550100,2015,2,2105,4283,2.03467933491686,6182,2.9368171021377703,5,2016-06-09 14:02:40.473
793,33105036550100,2015,3,5086,18346,3.60715690129768,8269,1.62583562721195,19,2016-04-06 13:59:32.197
794,33105036550100,2015,4,20181,20008,0.991427580397404,12522,0.6204846142411179,29,2016-04-06 13:59:32.197
795,33105036550100,2015,5,12069,24025,1.9906371696080905,6995,0.5795840583312621,31,2016-04-06 13:59:32.197
796,33105036550100,2015,6,8045,18185,2.26041019266625,6011,0.747172156619018,25,2016-04-06 13:59:32.197
797,33105036550100,2015,7,7931,25475,3.2120791829529702,3664,0.461984617324423,30,2016-05-12 14:03:06.583
798,33105036550100,2015,8,5806,18777,3.23406820530486,3826,0.6589734757147779,30,2016-05-12 14:03:06.583
799,33105036550100,2015,9,3407,5400,1.5849721162312902,1885,0.553272673906663,22,2016-05-12 14:03:06.583
800,33105036550100,2015,10,4537,10527,2.32025567555654,2901,0.639409301300419,31,2016-05-12 14:03:06.583
801,33105036550100,2015,11,4341,10171,2.34300852338171,1999,0.460492973969132,30,2016-05-12 14:03:06.583
802,33105036550100,2015,12,4174,11240,2.69286056540489,2428,0.5816962146621949,31,2016-05-12 14:03:06.583
803,33105036550100,2016,1,4070,12219,3.0022113022112995,2412,0.5926289926289929,31,2016-05-12 14:03:06.583
816,33105037690100,2015,3,572,3511,6.138111888111888,0,0.0,2,2016-04-06 14:30:04.953
817,33105037690100,2015,4,573,487,0.849912739965096,407,0.7102966841186741,6,2016-04-06 14:30:04.953
818,33105037690100,2015,5,21346,34553,1.6187107654829898,13561,0.635294668790406,31,2016-04-06 14:30:04.953
819,33105037690100,2015,6,13527,22184,1.63997930065794,8927,0.659939380498263,30,2016-04-06 14:30:04.953
820,33105037690100,2015,7,14197,23481,1.65394097344509,9047,0.637247305768824,31,2016-04-06 14:30:04.953
821,33105037690100,2015,8,15175,26779,1.76467874794069,9053,0.596573311367381,31,2016-04-06 14:30:04.953
822,33105037690100,2015,9,11337,20967,1.84943106641969,6875,0.606421451883214,28,2016-04-06 14:30:04.953
823,33105037690100,2015,10,9248,15830,1.7117214532872,6093,0.658845155709343,28,2016-04-06 14:30:04.953
824,33105037690100,2015,11,13419,23620,1.76019077427528,8367,0.623518891124525,30,2016-04-06 14:30:04.953
825,33105037690100,2015,12,8462,23815,2.81434649019144,5710,0.674781375561333,25,2016-04-06 14:30:04.953
826,33105037690100,2016,1,476,1787,3.7542016806722702,409,0.8592436974789921,18,2016-04-06 14:30:04.953
827,33105037690100,2016,2,8803,15425,1.75224355333409,5703,0.647847324775645,28,2016-04-14 14:00:51.703
840,35017246780000,2014,6,3126,16433,5.25687779910429,0,0.0,0,2016-07-14 15:22:26.777
841,35017246780000,2014,7,3204,35054,10.9406991260924,0,0.0,0,2016-07-14 15:22:26.777
842,35017246780000,2014,8,2406,26406,10.9750623441397,0,0.0,0,2016-04-07 13:57:00.017
843,35017246780000,2014,9,1940,22297,11.4932989690722,0,0.0,0,2016-04-07 13:57:00.017
844,35017246780000,2014,10,1711,20943,12.2402104032729,0,0.0,0,2016-04-07 13:57:00.017
845,35017246780000,2014,11,1483,17931,12.0910316925152,0,0.0,0,2016-04-07 13:57:00.017
846,35017246780000,2014,12,1603,15940,9.94385527136619,0,0.0,0,2016-04-07 13:57:00.017
847,35017246780000,2015,1,1443,18301,12.6826056826057,0,0.0,0,2016-04-07 13:57:00.017
848,35017246780000,2015,2,1280,15943,12.45546875,0,0.0,0,2016-04-07 13:57:00.017
849,35017246780000,2015,3,1435,17494,12.1909407665505,0,0.0,0,2016-07-14 15:22:26.777
850,35017246780000,2015,4,1277,16954,13.276429130775304,0,0.0,0,2017-11-12 10:02:44.967
851,35017246780000,2015,5,1449,17824,12.3008971704624,0,0.0,0,2016-07-14 15:22:26.777
864,35017246960000,2014,12,4,0,0.0,0,0.0,0,2018-04-15 11:35:26.433
865,35017246960000,2015,1,23,80038,3479.91304347826,0,0.0,0,2018-01-21 08:56:31.110
866,35017246960000,2015,2,12250,73022,5.96097959183673,0,0.0,0,2016-04-07 09:56:25.247
867,35017246960000,2015,3,12231,0,0.0,0,0.0,0,2016-04-07 09:56:25.247
868,35017246960000,2015,4,10172,65042,6.39421942587495,0,0.0,0,2016-04-07 09:56:25.247
869,35017246960000,2015,5,10656,67025,6.289883633633631,0,0.0,0,2016-04-07 09:56:25.247
870,35017246960000,2015,6,9413,61489,6.532348879209598,0,0.0,0,2016-07-14 15:12:44.237
871,35017246960000,2015,7,9406,62318,6.625345524133531,0,0.0,0,2016-07-14 15:12:44.237
872,35017246960000,2015,8,8759,59924,6.84142025345359,0,0.0,0,2017-04-27 15:50:44.360
873,35017246960000,2015,9,8866,56005,6.3168283329573605,0,0.0,0,2016-07-14 15:12:44.237
874,35017246960000,2015,10,8470,55878,6.5971664698937404,0,0.0,0,2016-09-15 15:02:06.427
875,35017246960000,2015,11,7221,51208,7.091538568065372,0,0.0,0,2016-04-07 09:56:25.247
888,35073250300000,2015,8,67,231,3.4477611940298503,0,0.0,0,2016-04-07 08:35:40.320
889,35073250300000,2015,9,8647,5795,0.6701746270382789,0,0.0,0,2016-04-07 08:35:40.320
890,35073250300000,2015,10,10815,1656,0.153120665742025,0,0.0,0,2016-04-07 08:35:40.320
891,35073250300000,2015,11,6163,2818,0.457244848288171,0,0.0,0,2016-09-15 15:00:51.123
892,35073250300000,2015,12,3085,2890,0.9367909238249592,0,0.0,0,2016-08-25 14:55:32.760
893,35073250300000,2016,1,3368,4712,1.3990498812351495,0,0.0,0,2016-08-25 14:55:32.760
894,35073250300000,2016,2,3051,0,0.0,0,0.0,0,2016-08-25 14:55:32.760
895,35073250300000,2016,3,4237,0,0.0,0,0.0,0,2017-02-02 15:12:22.447
896,35073250300000,2016,4,6062,7587,1.2515671395578998,0,0.0,0,2016-12-29 14:30:15.893
897,35073250300000,2016,5,6175,6708,1.08631578947368,0,0.0,0,2016-12-29 14:30:15.893
898,35073250300000,2016,6,5521,6089,1.10287991305923,0,0.0,0,2016-12-29 14:30:15.893
899,35073250300000,2016,7,4893,5865,1.1986511342734498,0,0.0,0,2016-12-29 14:30:15.893
912,42105419830000,2014,6,6219,27811,4.4719408264994405,28968,4.6579835986493,0,2019-03-10 10:31:40.610
913,42105419830000,2014,7,3990,24332,6.09824561403509,17215,4.31453634085213,0,2019-03-10 10:31:40.610
914,42105419830000,2014,8,1878,15023,7.99946751863685,5748,3.06070287539936,0,2019-03-10 10:31:40.610
915,42105419830000,2014,9,1719,16046,9.334496800465391,5260,3.0599185573007595,0,2019-03-10 10:31:40.610
916,42105419830000,2014,10,1477,15179,10.2769126607989,4384,2.9681787406905897,0,2019-03-10 10:31:40.610
917,42105419830000,2014,11,1329,13054,9.82242287434161,3978,2.9932279909706496,0,2019-03-10 10:31:40.610
918,42105419830000,2014,12,1365,10911,7.99340659340659,4103,3.0058608058608103,0,2019-03-10 10:31:40.610
919,42105419830000,2015,1,1225,9566,7.8089795918367395,3699,3.01959183673469,0,2019-03-10 10:31:40.610
920,42105419830000,2015,2,1013,9526,9.40375123395854,3121,3.08094768015795,0,2019-03-10 10:31:40.610
921,42105419830000,2015,3,1157,10244,8.85393258426966,3563,3.07951598962835,0,2019-03-10 10:31:40.610
922,42105419830000,2015,4,933,8683,9.30653804930332,2902,3.11039657020364,0,2019-03-10 10:31:40.610
923,42105419830000,2015,5,786,7898,10.0483460559796,2478,3.15267175572519,0,2019-03-10 10:31:40.610
936,42105420060100,2014,8,14491,17177,1.1853564281278002,21989,1.5174246083776102,0,2019-03-10 09:51:05.190
937,42105420060100,2014,9,11336,25256,2.22794636556104,17112,1.50952717007763,0,2018-10-07 13:00:11.957
938,42105420060100,2014,10,9149,28316,3.09498305825773,13718,1.4993988414034298,0,2018-10-07 13:00:11.957
939,42105420060100,2014,11,7599,26689,3.51217265429662,11235,1.47848401105409,0,2018-10-07 13:00:11.957
940,42105420060100,2014,12,5445,24740,4.543617998163451,7801,1.43269054178145,0,2019-03-10 09:51:05.190
941,42105420060100,2015,1,2230,13816,6.19551569506726,2741,1.22914798206278,0,2018-02-11 11:22:10.307
942,42105420060100,2015,2,1688,13270,7.8613744075829395,2059,1.2197867298578202,0,2018-02-11 11:22:10.307
943,42105420060100,2015,3,1492,14240,9.54423592493298,1836,1.23056300268097,0,2018-02-11 11:22:10.320
944,42105420060100,2015,4,1423,14530,10.2108222066058,1784,1.2536893886156002,0,2018-02-11 11:22:10.320
945,42105420060100,2015,5,1297,15086,11.6314572089437,1645,1.26831148804934,0,2018-02-11 11:22:10.320
946,42105420060100,2015,6,1205,14947,12.4041493775934,1549,1.28547717842324,0,2018-02-11 11:22:10.320
947,42105420060100,2015,7,1063,14251,13.4063969896519,1407,1.32361241768579,0,2019-03-10 09:51:05.190
960,42105421020000,2014,12,4189,73209,17.4764860348532,20430,4.8770589639532105,0,2019-03-10 11:14:01.327
961,42105421020000,2015,1,3819,62902,16.47080387536,18074,4.73265252683949,0,2019-03-10 11:14:01.327
962,42105421020000,2015,2,3221,61678,19.1487115802546,14857,4.61254268860602,0,2019-03-10 11:14:01.327
963,42105421020000,2015,3,3769,65655,17.4197399840807,16510,4.38047227381268,0,2019-03-10 11:14:01.327
964,42105421020000,2015,4,3124,55423,17.7410371318822,12998,4.1606914212548,0,2019-03-10 11:14:01.327
965,42105421020000,2015,5,2720,50610,18.6066176470588,10571,3.88639705882353,0,2019-03-10 11:14:01.327
966,42105421020000,2015,6,3059,61477,20.097090552468103,10922,3.57044785877738,0,2019-03-10 11:14:01.327
967,42105421020000,2015,7,2733,56627,20.719721917307,8704,3.1847786315404303,0,2018-10-07 17:44:50.080
968,42105421020000,2015,8,2478,49851,20.1174334140436,6686,2.69814366424536,0,2018-10-07 17:44:50.080
969,42105421020000,2015,9,2206,43064,19.5213055303717,4561,2.0675430643699,0,2018-10-07 17:44:50.080
970,42105421020000,2015,10,2027,37489,18.4948199309324,2464,1.2155895411938795,0,2018-10-07 17:44:50.080
971,42105421020000,2015,11,1758,30232,17.196814562002302,0,0.0,0,2018-10-07 17:44:50.080
984,42105421500000,2015,3,6340,23306,3.67602523659306,20003,3.1550473186119903,0,2016-05-28 11:18:05.770
985,42105421500000,2015,4,6560,36312,5.53536585365854,20221,3.08246951219512,0,2016-05-28 11:18:05.770
986,42105421500000,2015,5,4112,26019,6.32757782101167,12382,3.01118677042802,0,2018-10-07 10:53:20.930
987,42105421500000,2015,6,4770,25097,5.26142557651992,13793,2.8916142557652003,0,2018-06-10 09:43:51.617
988,42105421500000,2015,7,3133,19687,6.28375359080753,8561,2.73252473667411,0,2018-10-07 10:53:20.930
989,42105421500000,2015,8,2726,14888,5.46148202494497,6823,2.50293470286134,0,2018-10-07 10:53:20.930
990,42105421500000,2015,9,2695,13536,5.02263450834879,5763,2.1384044526901698,0,2018-06-10 09:43:51.617
991,42105421500000,2015,10,2065,10257,4.967070217917679,3080,1.49152542372881,0,2018-10-07 10:53:20.930
992,42105421500000,2015,11,1810,6302,3.48176795580111,0,0.0,0,2018-06-10 09:43:51.617
993,42105421500000,2015,12,1618,8866,5.479604449938201,0,0.0,0,2018-12-09 08:58:48.373
994,42105421500000,2016,1,1393,9946,7.1399856424982096,0,0.0,0,2018-12-09 08:58:48.373
995,42105421500000,2016,2,1249,9461,7.57485988791033,0,0.0,0,2018-12-09 08:58:48.373
1008,42301318440000,2013,4,1113,4528,4.06828391734052,0,0.0,0,2018-05-27 17:37:39.347
1009,42301318440000,2013,5,0,0,0.0,0,0.0,0,2016-05-29 17:09:38.553
1010,42301318440000,2013,6,996,2181,2.18975903614458,0,0.0,0,2018-05-27 17:37:39.347
1011,42301318440000,2013,7,6860,24462,3.56588921282799,0,0.0,0,2018-05-27 17:37:39.347
1012,42301318440000,2013,8,4468,26368,5.901521933751121,0,0.0,0,2018-09-30 14:12:55.207
1013,42301318440000,2013,9,5189,58263,11.2281749855463,0,0.0,0,2018-09-30 14:12:55.207
1014,42301318440000,2013,10,3872,51874,13.3972107438017,0,0.0,0,2018-09-30 14:12:55.207
1015,42301318440000,2013,11,2349,35029,14.9123031077054,0,0.0,0,2018-09-30 14:12:55.207
1016,42301318440000,2013,12,1794,21086,11.7536231884058,5416,3.01895206243032,0,2018-09-30 14:12:55.207
1017,42301318440000,2014,1,2310,37783,16.356277056277097,8050,3.4848484848484804,0,2018-09-30 14:12:55.207
1018,42301318440000,2014,2,2026,32547,16.0646594274432,7060,3.4846989141164904,0,2018-09-30 14:12:55.207
1019,42301318440000,2014,3,1867,32882,17.6122121049813,6506,3.48473486877343,0,2018-09-30 14:12:55.207
1032,42317401950000,2015,10,14983,14544,0.970700126810385,89899,6.000066742307952,0,2018-02-11 11:27:06.520
1033,42317401950000,2015,11,9293,10267,1.10481007209728,53476,5.75443882492198,0,2018-02-11 11:27:06.520
1034,42317401950000,2015,12,10390,15153,1.4584215591915302,55804,5.37093358999038,0,2018-10-07 16:04:51.343
1035,42317401950000,2016,1,7351,12308,1.6743300231261102,34352,4.673105699904768,0,2016-06-09 16:44:14.693
1036,42317401950000,2016,2,3203,5515,1.7218232906650002,9647,3.01186387761474,0,2016-09-01 17:01:05.420
1037,42317401950000,2016,3,4055,4727,1.16572133168927,9824,2.42268803945746,0,2016-09-01 17:01:05.420
1038,42317401950000,2016,4,3674,5017,1.36554164398476,7379,2.00843767011432,0,2016-09-01 17:01:05.420
1039,42317401950000,2016,5,2991,4770,1.59478435305918,5277,1.7642928786359098,0,2017-05-04 18:45:58.993
1040,42317401950000,2016,6,2710,3600,1.32841328413284,4120,1.52029520295203,0,2017-05-04 18:45:58.993
1041,42317401950000,2016,7,2715,4674,1.72154696132597,3446,1.26924493554328,0,2017-05-04 18:45:58.993
1042,42317401950000,2016,8,1041,5367,5.15561959654179,1052,1.01056676272815,0,2017-05-04 18:45:58.993
1043,42317401950000,2016,9,2351,5051,2.14844746916206,1748,0.7435133985538069,0,2017-05-04 18:45:58.993
1056,42371392130100,2014,11,6199,5388,0.869172447168898,14464,2.3332795612195496,0,2018-06-10 10:28:06.783
1057,42371392130100,2014,12,16092,5388,0.33482475764355,37534,2.33246333581904,0,2018-06-10 10:28:06.783
1058,42371392130100,2015,1,12077,7786,0.644696530595346,28075,2.32466672186801,0,2018-06-10 10:28:06.783
1059,42371392130100,2015,2,8846,7831,0.885258874067375,20503,2.31777074383902,0,2018-06-10 10:28:06.783
1060,42371392130100,2015,3,8904,7875,0.8844339622641508,20573,2.3105345911949704,0,2018-06-10 10:28:06.783
1061,42371392130100,2015,4,7636,6684,0.875327396542693,17585,2.3029072812991096,0,2018-06-10 10:28:06.783
1062,42371392130100,2015,5,7009,6581,0.9389356541589392,16084,2.2947638750178303,0,2018-06-10 10:28:06.783
1063,42371392130100,2015,6,6222,6002,0.9646415943426552,14224,2.28608164577306,0,2018-06-10 10:28:06.783
1064,42371392130100,2015,7,6079,5982,0.984043428195427,13840,2.2766902451061,0,2018-06-10 10:28:06.783
1065,42371392130100,2015,8,5619,5564,0.990211781455775,12737,2.2667734472326,0,2018-06-10 10:28:06.783
1066,42371392130100,2015,9,5793,5551,0.958225444501985,13070,2.2561712411531203,0,2018-06-10 10:28:06.783
1067,42371392130100,2015,10,4413,2422,0.548832993428507,9906,2.2447314751869505,0,2018-06-10 10:28:06.783
1080,42383381710000,2014,2,1936,1757,0.90754132231405,4713,2.43440082644628,0,2018-10-07 13:21:16.933
1081,42383381710000,2014,3,12315,12511,1.0159155501421,30072,2.4419001218026803,0,2018-10-07 13:21:16.933
1082,42383381710000,2014,4,11084,8311,0.749819559725731,26598,2.39967520750632,0,2018-10-07 13:21:16.933
1083,42383381710000,2014,5,7375,6719,0.9110508474576272,17252,2.33925423728814,0,2018-10-07 13:21:16.933
1084,42383381710000,2014,6,4606,5568,1.20885801128962,10342,2.24533217542336,0,2018-10-07 13:21:16.933
1085,42383381710000,2014,7,3956,4025,1.01744186046512,8242,2.08341759352882,0,2018-10-07 13:21:16.933
1086,42383381710000,2014,8,4755,5250,1.10410094637224,9874,2.07655099894848,0,2018-10-07 13:21:16.933
1087,42383381710000,2014,9,4886,6718,1.3749488334015605,10130,2.07327056897257,0,2018-10-07 13:21:16.933
1088,42383381710000,2014,10,4751,7412,1.5600926120816698,9804,2.06356556514418,0,2018-10-07 13:21:16.933
1089,42383381710000,2014,11,4476,7325,1.63650580875782,9215,2.05875781948168,0,2018-10-07 13:21:16.933
1090,42383381710000,2014,12,4273,4642,1.08635619003042,8740,2.04540135736017,0,2018-10-07 13:21:16.933
1091,42383381710000,2015,1,3801,6394,1.68218889765851,7743,2.0370955011839,0,2016-05-28 15:26:52.280
1104,42389339940000,2014,6,9852,62304,6.32399512789281,0,0.0,0,2018-09-09 16:34:11.357
1105,42389339940000,2014,7,9866,49472,5.014392864382732,32454,3.2894790188526297,0,2018-10-07 23:58:44.820
1106,42389339940000,2014,8,11728,59792,5.09822646657572,39224,3.34447476125512,0,2018-10-07 23:58:44.820
1107,42389339940000,2014,9,9368,42091,4.4930614859094815,27612,2.94748078565329,0,2018-10-07 23:58:44.820
1108,42389339940000,2014,10,11134,58345,5.24025507454643,38275,3.4376684030896403,0,2018-10-07 23:58:44.820
1109,42389339940000,2014,11,9937,57473,5.78373754654322,37703,3.7942034819362,0,2018-10-07 23:58:44.820
1110,42389339940000,2014,12,8450,51309,6.07207100591716,33659,3.98331360946746,0,2018-10-07 23:58:44.820
1111,42389339940000,2015,1,8015,51184,6.386026200873362,33577,4.18927011852776,0,2018-10-07 23:58:44.820
1112,42389339940000,2015,2,6220,36192,5.81864951768489,23742,3.81704180064309,0,2018-10-07 23:58:44.820
1113,42389339940000,2015,3,7229,43495,6.01673813805506,28533,3.94701895144557,0,2018-10-07 23:58:44.820
1114,42389339940000,2015,4,5994,34499,5.75558892225559,22632,3.77577577577578,0,2018-10-07 23:58:44.820
1115,42389339940000,2015,5,5837,35194,6.02946719205071,23088,3.9554565701559,0,2018-10-07 23:58:44.820
1128,42389345710000,2015,3,9035,38252,4.2337576092971805,66906,7.405201992252349,0,2016-05-26 15:25:54.963
1129,42389345710000,2015,4,19261,108781,5.647733762525308,190268,9.87840714396968,0,2016-05-26 15:25:54.963
1130,42389345710000,2015,5,14642,58078,3.96653462641716,101584,6.937850020489,0,2016-05-26 15:25:54.963
1131,42389345710000,2015,6,12311,52961,4.30192510762733,92634,7.52449029323369,0,2016-05-26 15:25:54.963
1132,42389345710000,2015,7,12088,53137,4.39584712111185,92941,7.68869953673064,0,2016-05-26 15:25:54.963
1133,42389345710000,2015,8,8807,40567,4.60622232315204,70955,8.05665947541728,0,2016-05-26 15:25:54.963
1134,42389345710000,2015,9,7915,41776,5.2780795957043605,73070,9.23183828174352,0,2016-05-26 15:25:54.963
1135,42389345710000,2015,10,7667,43695,5.69910003912873,76426,9.96817529672623,0,2016-06-02 14:29:39.547
1136,42389345710000,2015,11,7214,48473,6.719295813695589,84784,11.7527030773496,0,2016-05-26 15:25:54.963
1137,42389345710000,2015,12,5644,31319,5.549078667611622,54780,9.70588235294118,0,2016-05-26 15:25:54.963
1138,42389345710000,2016,1,5726,32713,5.71306322039818,57218,9.99266503667482,0,2016-05-26 15:25:54.963
1139,42389345710000,2016,2,5159,21513,4.16999418491956,37628,7.29366156231828,0,2016-05-26 15:25:54.963
1152,42461395750000,2015,6,14193,30361,2.13915310364264,20765,1.46304516310857,0,2018-10-07 15:37:34.993
1153,42461395750000,2015,7,9657,34885,3.61240550895723,15882,1.64461012736875,0,2018-10-07 15:37:34.993
1154,42461395750000,2015,8,7796,28941,3.712288353001541,12354,1.5846587993843002,0,2018-10-07 15:37:34.993
1155,42461395750000,2015,9,7036,26465,3.76137009664582,10653,1.5140704945991998,0,2018-10-07 15:37:34.993
1156,42461395750000,2015,10,6976,25270,3.62241972477064,9924,1.4225917431192698,0,2018-10-07 15:37:34.993
1157,42461395750000,2015,11,5547,21731,3.91761312421129,7256,1.30809446547683,0,2018-10-07 15:37:34.993
1158,42461395750000,2015,12,4732,17534,3.70540997464074,5449,1.15152155536771,0,2018-10-07 15:37:34.993
1159,42461395750000,2016,1,4080,15741,3.85808823529412,3790,0.9289215686274508,0,2018-10-07 15:37:34.993
1160,42461395750000,2016,2,2763,12327,4.4614549402823,1671,0.604777415852334,0,2017-03-30 17:50:16.950
1161,42461395750000,2016,3,3173,15162,4.77844311377245,2604,0.820674440592499,0,2017-03-30 17:50:16.950
1162,42461395750000,2016,4,2890,12870,4.45328719723183,2550,0.882352941176471,0,2017-03-30 17:50:16.950
1163,42461395750000,2016,5,2906,11924,4.10323468685478,2779,0.9562973158981422,0,2017-03-30 17:50:16.950
1176,49021210550000,2014,3,1780,0,0.0,0,0.0,1,2016-04-06 15:40:34.957
1177,49021210550000,2014,4,6360,2281,0.3586477987421379,239,0.0375786163522013,24,2016-04-06 15:40:34.957
1178,49021210550000,2014,5,7774,3129,0.402495497813224,6830,0.8785695909441731,23,2016-04-06 15:40:34.957
1179,49021210550000,2014,6,10397,6060,0.5828604405116861,8439,0.811676445128402,27,2016-04-06 15:40:34.957
1180,49021210550000,2014,7,8189,7639,0.932836732201734,6796,0.829893759921846,31,2016-04-06 15:40:34.957
1181,49021210550000,2014,8,4251,4415,1.03857915784521,3283,0.772288873206304,22,2016-04-06 15:40:34.957
1182,49021210550000,2014,9,178,62,0.348314606741573,107,0.6011235955056179,2,2016-04-06 15:40:34.957
1183,49021210550000,2014,10,4456,1724,0.38689407540395,3823,0.85794434470377,21,2016-04-06 15:40:34.957
1184,49021210550000,2014,11,4540,1883,0.414757709251101,4012,0.8837004405286341,26,2016-04-06 15:40:34.957
1185,49021210550000,2014,12,3696,2134,0.577380952380952,2771,0.7497294372294371,27,2016-04-06 15:40:34.957
1186,49021210550000,2015,1,2288,333,0.145541958041958,890,0.388986013986014,22,2016-04-06 15:40:34.957
1187,49021210550000,2015,2,3222,1693,0.525450031036623,2390,0.7417752948479208,28,2016-04-06 15:40:34.957
